Be10_exposure_yr	Al26_exposure_yr
1258.9941088060882	1095.5761620017201
4841.097501641836	
1750.6743909072368	
3090.4594145113647	
1631.1094891683742	
1696.0380749198794	
4176.745197874857	
3415.897787640526	2803.63369982176
3205.942548753296	2569.5130068391213
1467.2177843593147	
2240.3044103519337	1697.3751770338195
1924.035320099835	
775.2627042055371	
1865.6920220938437	
3549.7294628357668	1891.8051785079833
1451.8792971159332	
3901.397257891014	
1789.0337419668026	
2944.1575476376925	
1118.2529020418774	
4119.798224826888	
3128.548025988197	
1504.1681841146742	
2110.908933499574	
2203.4321754238413	
2961.891009951811	1755.9422060705556
2747.4498600073384	
1498.2777851815172	1187.3845893498783
1233.8722538511206	
9935.772835930158	
3241.264815587845	
1937.1734230245231	
4643.809105291853	3616.0355893375986
798.371974615098	675.5736666959145
6110.266951359026	
19248.632340428278	
19388.463232766742	
1297.5372755475994	
2193.5809485451186	
2159.2841208254345	
4949.558373625342	
2003.4380336483237	
5433.105755673161	
23452.133366278616	
3775.8587514373035	
4753.017941787231	
22589.054849352975	
12166.610738172014	
3120.9007334637404	
4678.661348811729	
15978.46419030711	
1621.2647404264792	
984.3691465012554	
3250.243987920335	
2231.996557182639	
17031.922189935944	
3069.4056472723387	
23418.300743930173	
1856.1419179484394	
3887.478698543591	
135198.79575871342	
3969.699051160639	
1107.0787494808785	
8556.7363024099	
38530.0543493488	
26896.653134857566	
27432.5518825005	
32291.102591324045	
17395.828488181793	
18718.815442112016	
9222.132561163759	
16737.68156684938	
18849.729403207828	
8296.588933548439	
10558.412659075604	
12541.712836310193	
15193.795169091829	
27145.372000864358	
7289.051420911245	
7851.951321001714	
24876.706941643486	
41092.60196502203	
16718.152129533883	
14762.381582586091	
11817.237810090126	
6609.900429496386	
11244.508970433266	
14735.02912691872	
49475.96712876225	
8060.14431974888	
8959.734092824365	
28628.385512222165	
23726.75170165477	
29476.205166172527	
42298.90586709783	
15271.35857046244	
14148.108925936991	
40922.810769385906	
18280.9485485038	
28147.401755072624	
27431.47588475535	
1104.6663577145425	
13704.690705877956	
27431.47588475535	
1154.2840619341198	
1134.030030016582	
28453.65443715916	
38561.15053669484	
4527.464128944768	
32266.128862474172	
6114.769231997298	
7997.345009017912	
8895.977995772917	
32743.65052626919	
6383.3861714120285	
8331.83864333634	
22009.251465881236	
7670.444949700782	
4529.569867538988	
11206.435515660558	
30976.93610067092	
65433.390946089676	
28147.401755072624	
5695.927551400987	
15201.051499035602	
2153.796289704822	
3675.7361761007032	
1778.268762384075	
1762.5401034495485	
9609.336793514425	
19989.353985238693	
35557.28494421299	
26667.205881252474	
1218.8123610884663	
69269.35541465165	
25482.26030730988	
16308.251856411993	
24192.759158689823	
123687.96067582673	
22320.98334986638	
24810.84865152752	
39512.54045751183	
15204.584956014298	
7035.093050366432	
1978.7293615553413	
936.6926937037962	
1460.9784035901937	
4749.527117917744	
1047.9231454909814	
4918.833058715063	
5500.679750374761	
1698.225300046948	
6086.990092746001	
6645.321017565669	
5761.13744153841	
1225.4986232656827	
37019.57979972285	
38544.31161720287	
43487.39451169277	
54472.3552865714	
52454.38352200119	
4706.189909886466	
4393.363575947703	
10363.95027899685	
27044.11923423143	
16502.378218315345	
31239.02347213034	
3271.587807487045	
18812.02515076923	
30296.492703665903	
16551.966132262904	
11327.865249176726	
16645.633316672862	
6525.823112311197	
6085.845167949804	
15823.785067241908	
1430.2997180728776	
1440.8973949776173	
13805.583589176462	
1451.5939616035787	
13736.88067768487	
39285.021220632916	
22685.51707273861	
3421.4801793715105	
7175.793588417739	
5829.421628769624	
19153.140194133684	
6605.393954041204	
	
6258.977952313627	5174.359685376783
8502.7028931441	5880.699438486275
24007.272338752093	
8696.056179870078	
5921.863433610277	2757.6402161802976
5088.100426494793	
3669.183880153534	
21507.091198399576	17775.358861077453
8507.779613265333	7495.782753967638
4230.368129787326	
5443.414144776064	
35276.7467547417	
4637.199069031336	
1646.2525269376254	
7861.8432989592575	
27020.08093056442	
25005.066354977134	
12389.310804079283	
2969.3308096046176	2930.949871971138
11028.815806479926	
1920.5028277219772	2803.3321667840487
1000.5331241475573	1497.330670393265
12069.770124887998	10084.68352128196
93917.29025779034	
18967.123775048352	
4819.465338016648	
11275.645607724882	
1634.9148540524461	2163.334003073771
5748.565144995967	4406.757552549971
9368.74516647934	11843.246950994355
946.5770235372622	1241.2235528326073
14105.24848132957	
8926.104800782447	
1417.2552038812512	
16190.662031481488	
81492.9432331428	
40087.80812822955	
16753.258116973877	
12494.36683504841	
1311.2586466551106	
135725.31079888748	
5357.564838970264	
22732.903326092503	
17712.905593214542	17711.380624853624
25286.95835966609	25780.539217739584
55434.210505520605	44874.156456228666
16544.283703197238	
2257.5809560822463	1824.290057230393
2637.6741091308095	3266.158944131224
2404.8841510748803	
1992.8279989258663	
7516.8177460376855	
2676.5587572401637	
2629.7023404123047	2124.5654867218095
30460.932197218302	
2806.4397584183853	
3313.560546490593	
3225.2919677305504	2878.8443755757307
2448.3754940248114	2073.78605004471
42305.44796077759	
3886.7948701228265	3403.123529185281
982.302389975004	
957.7428896585917	
887.8423445336035	
824.5109290469053	
38482.1529836861	
693.2276540406508	
752.8870970524633	
451.88453038082594	
987.5542390114293	
1125.8686921410847	
15457.516568341218	
1831.4355317550358	1520.1714062725055
683.7917505607872	635.1674292756308
636.8116579310389	
1043.8292257486576	1428.778446497079
2642.113884922182	
998.8704307530196	942.7572587377938
10044.783282696028	
3460.409796167872	
1526.0292041148416	
447.3333826514994	
36091.554280928234	
9242.952650322135	
1185.4347016893867	
1481.2405299509066	
2187.5795184353206	1822.9055795168024
346.5022116834354	
1578.2605684451983	
2561.719285561395	
1364.044210356168	3122.52395841037
3040.531744788926	2559.1077339835792
3811.825136047879	
2402.5225083789524	
4122.12250448119	3260.3711147179674
18415.30626776117	
6957.959826675747	
9118.660292271108	
1965.8404977728771	
6322.331286087034	
7196.845910410108	
4892.124672123078	
2583.3505579993716	
9446.020414884631	
13930.476715085842	
22294.11808109015	
9571.901677851189	
2358.828400965682	
12495.589810074858	
4617.033152425308	
29996.076488965133	
41692.027714229815	
21226.549229885863	
20279.194432424916	
7356.033801640736	
10049.251314032526	
6503.616360088342	
18936.260108250106	
10004.041348813233	
21914.796523115518	
27768.92493988507	
31014.901664142944	
10684.037310497988	
30469.571397865373	
48705.14326353784	
7691.396410948804	
42607.526314086215	
48007.329684024575	
16265.990171394245	
29087.622056153363	
9835.42125298758	
31007.17043572384	
74213.81373237829	
42994.39067286937	
3137.5747823191773	
14676.245316138707	
11772.63082540404	
24735.190775257775	
18257.276562830608	
18167.511428766597	
25363.435150478985	
11480.061135577447	
5852.231454161808	
1814.6733745936967	
669.6996439863456	
7848.238473005117	
9546.763819129488	
10080.286414110265	
588.0704368132517	
3931.8983737277613	
10047.841834643254	
7761.243227378966	
5231.3038444855	
2618.317893714844	
1527.3626696988563	
15617.890198829064	
2085.182912579992	
5039.950407779892	
2708.4496120468134	
263.8349126559102	
360.06535897968695	
395.29999498724965	
2279.2883338382444	
261.51029177750155	
912.2036937579278	
1044.1953152562864	
832.307761982951	
1040.8733186957243	
760.7032877042467	
314.41985802149964	
292.27095015386516	
849.0737720024252	
216.85447988959035	
132.82956256330178	
212.91075245958558	
361.53192663212144	
706.1856106578786	
1679.976191299342	
14391.736324828767	
3945.4652418970404	
67296.34780084793	
60959.471950894345	
72050.77745816064	
79792.86558895113	
129977.33570950791	
166427.3999499154	
227460.7188011399	
195363.12262975817	
320193.19354764355	
212460.9636691229	
321377.3206556667	
504614.5143808487	
21505.586214856914	
432379.89058601146	
415440.3131122992	
35562.1072199307	
581297.6642255968	
50870.8601888522	
47807.58576478842	
50339.56022586772	
64478.75677309946	
73041.89657878362	
31228.089410306096	
29322.99044086085	
73743.29323933378	
24447.22661675431	
93619.94577799265	
39245.13007453968	
27750.0818297088	
36840.422064814564	
54551.95262887127	
16384.779835650173	
44982.678741626514	
28502.385906738797	
38494.09686359142	
23679.570213133084	
18849.60866732553	
53195.42248435642	
21611.02183852751	
74284.66928460177	
16971.480889814957	
131550.75152318276	
91644.81193129612	
36630.71688639696	
41205.030720819756	
120439.25505948171	
134183.33409224323	
13394.186675462635	
27540.164794606197	
21165.32275020693	
20557.46627984917	
17713.5913661342	
10088.736388530682	
67672.04799117672	
23547.7238534475	
39692.50469691439	
78732.89203388094	
25119.729417968952	
41380.94479460737	
102854.41325157757	
32205.736950038838	
35787.3330873778	
57386.48569826937	
49042.8323345882	
61155.3500800143	
52021.89443420491	
51326.85116126506	
14949.381400418042	
34030.55633130449	
19611.29919642987	
14250.398292960703	
18026.40128012399	
25611.277017051772	
36148.437054495786	
51765.209024908014	
53475.18605183062	
126412.11075804276	
15214.346551102084	
18359.886744165782	
21273.080437249766	
68495.93301738428	
93029.15209821021	
12404.409014132356	
17545.699319616946	
23620.37934164211	
32979.60523761492	
15903.184134636875	
68038.21454754651	
30698.26327663953	
25476.784463651547	
26804.326301883004	
28369.480792287104	
68807.39667723785	
57048.67710841577	
26172.68020405983	
30066.905838516046	
32949.374831433146	
45282.96919297298	
87018.59786491096	
20006.254059026953	
15460.251013806102	
25296.589759817045	
38402.12671751891	
15098.243049199713	
41441.31213949565	
22907.431354001743	
15806.004212911257	
17563.455553552467	
27221.920110555955	
21900.20887451579	
26615.895495321838	
28942.339202851304	
25046.406175707973	
21952.543894601575	
20109.30339797024	
21468.24474726712	
18324.497209868943	
13426.520576027096	
42940.43126374012	
20333.618910799963	17282.70685375383
37486.9641697472	28491.19139798001
40587.05461377589	33564.58140118164
35698.63252072233	31100.074348171845
119970.07797830865	
60191.97015282798	
133687.79341868826	
204400.26796651183	
113062.54155085643	
77237.34006968982	
75765.07842065324	
46530.29795693158	
86152.79999423953	
68005.60438238847	
45159.29841478388	
73594.65672182506	
48606.517120395634	
33439.659852828976	
49143.768108547876	
83346.96650891981	
38365.96117967688	
7600.480631051865	
251074.45619503292	
19803.41099352672	
37592.31271927281	
9185.0665129142	
49781.85351236489	
35152.448212962554	
17099.538479715608	
31250.67995047424	
41483.24969400668	
33437.00369866311	
35645.26243635672	
61596.78384761904	
75309.48057275086	
35240.52567136318	
51383.05591065139	
62694.295336229494	
71407.65854805484	
60265.04495190353	
88825.40691813297	
9608.871087489502	
1631.9618700936487	
9803.809285408815	
59766.64723785693	
81383.86026186	
32973.18231335014	
70636.85221476557	
28777.878382847302	
36325.012187168664	
80366.75083791485	
74711.87795929318	
53004.85916067022	
60960.1003705547	
59521.98482006113	
43840.53642298654	
20368.46008308395	
75448.10767794307	
658.955771991107	
46162.895124791285	
20424.701176733717	
44596.28453559845	
31712.99143191925	
46237.82020952647	
48412.14322529328	
69598.34137647784	
70215.37390321426	
78838.746534448	
31711.50108708945	
36416.188018637025	
76633.38147818115	
56367.79210233876	
36104.82687913841	
70798.86053528455	
103498.30387354014	
46101.89127120262	
21618.76290722127	
126852.70354412391	
17637.713243453294	
361.79691340247376	
19244.651783171237	
81228.24588262528	
54765.48758876229	
47395.79568655831	
177327.71334535265	
220.06496695487775	
39661.737870119374	
22009.486247886998	
30362.832630797406	
12418.706111916374	
48493.72290021823	
29368.836031025236	
16875.194345289623	
96899.37346328721	
101135.4488627323	
89709.12223695336	
67978.03437225308	
123245.82496545748	
33076.50295969652	
126732.02767349101	
79472.29090414324	
25298.51110524166	
73075.38207263403	
67645.17193039054	
39693.39618247202	
75010.76582814989	
102588.60383139386	
614.8208760891117	
758.8297080148847	
2634.162748440779	
2825.7064085659827	
2458.9909211103823	
409.41316349153936	
1983.3677286413165	
1405.9886530418628	
454.8899944204446	
3867.4838005182537	
424.385450005804	
4940.2300730445995	
3927.6467138988532	
64.38031290092376	
11506.944965109918	
10328.743776101284	
2417.5243159793345	
4506.465841522653	
37520.97962526121	
9471.650561389508	
12016.320390579729	
4257.254593603895	
4161.369920402907	
4394.678511824956	
21750.566429319926	
1327.052885137297	
6262.835770325385	
3233.217214885564	
2945.700198476756	
1807.0310569231817	
13470.16826546605	
1984.6430350164758	
1024.0713201074952	
1417.9181370129443	
964.9744435660408	
3666.225412435564	
3854.925063376116	
20456.064329856137	
3968.204919296968	
4847.1647915015565	
782.2852444615396	
301.6431495006568	
493.7529644949149	
4979.557794502229	
1489.7601407663255	
165.41686159290552	
605.8070857644552	
17729.872282427958	
16463.793974486118	
17379.169868032117	
10918.450717326563	
4169.774102898876	
63387.720531877334	
2531.7655604565675	
13043.350686746971	
8444.271015314189	
8888.943276193399	
33333.38272022629	
9168.970819482722	
15527.396845548488	
2286.5750972654746	
8937.59878605374	
9969.003920428631	
8636.197922117864	
1277.6391377699204	
7504.947861568769	
12059.425519962719	
22312.795881831535	
14762.595785792313	
741.174042839066	
1435.3801068867365	
5268.123782820058	
20131.754833051986	
5192.776671800276	
1168.9941425382822	
7565.800698662668	
16712.551814221544	
1078.8379050287276	
21940.61012784555	
45208.67059023928	
600.473458556689	
8710.036933162026	
42282.004993740054	
1042.984173454574	
2147.2208267122346	
1740.42418931463	
17482.75395778916	
10054.36313602225	
5068.697148186121	
882.1033565813103	
8820.57173855151	
742.7972475646476	
616.2691131132596	
19577.91852741807	
6164.577085707396	
4435.413910475959	
178706.35035254527	
12311.907591760993	
2170.377015319906	
62198.64475777618	
4864.969262737633	
3760.721471935832	
3277.776001928781	
13113.848489933689	
4411.862073560503	
16421.69655216531	
27450.11241438151	
81.95036959764097	
8487.614577006663	
12045.497682294417	
39370.24942573443	
2533.3090853282038	
6412.432850172086	
1687.1569613146805	
11145.75883728347	
16705.757674990597	
1936.9094386609736	
32055.384008586352	
17236.497210600315	
15125.487249420548	
7542.475317467303	
14443.954668657367	
4509.611695184935	
12222.023983518482	
4350.404410612681	
16990.595748942476	
255.57135442514777	
17081.884413072792	
1934.6823072561526	
10638.166672678366	
2098.5068753175306	
6905.3495060244995	
5832.575505983488	
15795.174356190772	
15202.66709772164	
14058.603494006724	
16059.130576348376	
6409.410868782262	
3324.538067225836	
7111.986875020062	
4992.388183045939	
6484.585684975465	
51388.49657095891	
6842.404067830559	
5215.948930330173	
88078.25791622505	
692.2831644566469	
3616.872241770124	
508.1526307594145	
10182.52248189682	
66898.0494804526	
25538.517747159134	
5471.663629277322	
13444.5859896774	
6054.969359483615	
3469.5469429846903	
7682.708641436048	
1848.0908037087597	
78647.47208020993	
6811.365372077234	
10232.348349739013	
7888.999590974049	
462.9991080728581	
4491.033726022112	
5786.450939895883	
4497.971410036455	
1606.9472573171356	
12360.374533078486	
1295.0496456323979	
6502.024842168581	
4677.667019889934	
23110.873570422547	
1526.9058734498785	
1393.5088070619265	
2981.492348970902	
3561.124389572417	
3140.051982564982	
2430.45741880315	
614.2149907416378	
6470.591038272708	
34900.67369929393	
2302.1644362212332	
3941.142957386636	
2450.8102222485327	
3391.356101813259	
2770.2347983143254	
4527.593152390283	
31815.26556216548	
2165.353484064358	
15732.101627529872	
1630.067876257926	
4664.153383449029	
7645.332657875936	
2605.268888772049	
6761.911050794875	
257.40361643510687	
1199.447488894191	
4692.174679447175	
7811.577642298071	
5965.6689917434405	
12897.61915525148	
19105.784862510507	
16831.524582643793	
15654.474764564064	
8702.502206970483	
23395.739018947243	
4754.674213011473	
4002.464228727538	
23602.11253267901	
15886.844366940411	
17841.434845471627	
23153.548255286918	
16226.951849038518	
17370.00728868704	
15297.9264706542	
7785.830431143066	
22436.32519862277	
17501.684752105586	
29234.003804469627	
63843.25126789538	
18810.663945028424	
27470.27225357491	
7565.245637210852	
78463.12749745666	
70918.17662710581	
60094.92548765338	
75482.89935017806	
81010.45913891715	
79601.37434647555	
77567.84720983071	
123107.872729124	
74015.00889324192	
88507.59478418363	
64674.00628043983	
86815.40261752447	
43757.69107099952	
94066.61405321154	
85263.33346705115	
132215.96822644642	
71959.96594385596	
53367.74523185002	
164478.45174144895	
116167.5127323215	
91359.33253180701	
85969.75363843294	
77200.47634855859	
85526.21909386422	
141268.9779497599	
116394.5078882035	
72985.44267351793	
75965.90255301168	
3109.6879595211008	
68808.29245581913	
95054.52552851458	
100724.30872264472	
178087.72971150387	
60169.536041141706	
149249.74761452625	
124582.90423141432	
123784.8766772907	
136097.56406816415	
37888.09685928277	
44546.14232989784	
58648.181446537834	
40057.25662798273	
42357.789249273555	
71217.7551832683	
14614.401328307418	
116201.42581541745	102226.34762323284
2738.9073650835676	
7409.262910135128	
17875.268379225006	
73060.68457234079	
32810.90934028058	
91481.26874988725	75502.12660784922
32918.98845857425	
18450.600443233634	
9497.90500772604	
6759.385429477486	
4719.5355038603175	
114859.6354722297	106100.81031661807
1604.842479110448	
75171.78153659735	
76513.80093778904	
16264.196185989544	
6240.713387268466	
6133.384256433781	
2064.4420335851296	
101424.25438146832	90719.00211034215
479579.92208095687	454537.94096678036
51490.692780252146	41479.51505854832
157250.08148071438	135950.57434017348
3930.533685448738	
10272.473518820607	
2889.2276263823446	
1372.660482887941	
14122.158040773127	
6570.812437348292	
11037.975726312496	
68922.71986866104	
985.5843784493783	
12404.419487535886	
9290.067365230756	
13672.459868523467	
205.90016244954853	
218.13563381098686	
261.93718629332113	
278.2271116950564	
413.9462948148174	
8994.768358694511	
42554.2291288365	
157073.2550837695	
216586.5749630494	
89670.07954457223	
200532.7728076095	
198367.87882249762	
127.21800475520423	
8458.703705197171	
277.7499623245642	
236.02927506555267	
739.4375038683685	
1536.7626162502352	
58916.76393015281	
81.76960568658039	
178.63091265822712	
797.8569639171194	
181731.51688744867	
1536.1457353871942	
1529.864188679622	
676.5245391079859	
43655.880117132416	
1855.8487331398544	
1047.648263457334	
1223.7693248355786	
1124.069372737142	
16545.625496573542	
8390.366648967614	
3751.1324328844184	
2313.628951359824	
36754.35906776316	
457.75956149807394	
448.3675218408912	313.9036689714518
243.72310915457317	423.2886530453564
388.41717463237245	414.2789937725179
156.04396468365934	145.70674018801205
83282.94862016273	
167520.22595024217	
129848.1360291829	
10464.191098264011	
3012.9226007675134	
138603.98015728616	
130850.77930243363	
218456.74335498072	
343.4965530802435	
192.15607401061553	
388.4809606601308	
358.9946030705164	
3990.102559344579	
111518.57861330877	
3022.962461043364	
49585.72215082279	73509.95014096258
60943.09810124213	
126269.80741331948	121399.70356041421
76656.58789926086	
220747.65317803563	190551.50883781177
1501.8577550476125	
78667.13231312315	73697.67201432705
49194.192156146164	45320.699187183294
418.74781182293907	
2251.145577518313	
	
5864.146073944039	
8205.585690631491	
305.94788076756544	
2114.1111040557544	
1970.9364619734401	
3708.7840949201795	
6624.954905663357	
794.4705396710737	
1570.9684865403513	
544.5515323971301	
17467.67574885568	
8659.757149907453	
1392.3682527917742	
519.9375587120824	
860.9677829536348	
1277.0711896312528	
4235.690809943505	
3462.6579423175344	
2892.0621154389682	
1011.0616401725664	
334.19786959290906	324.38582806689425
12064.906458242713	
121076.97930232594	129573.50782600448
165512.77734802736	174595.2385544638
12832.33377477491	
45626.410278721356	
5325.949381975586	3859.146766280969
33971.43302089529	30137.49519190519
	
2949.853160136863	
132584.0745625972	118169.14077517168
7808.686794354383	7426.989131739175
23672.4317314555	28947.146947971152
500.1154012498814	
85871.24968434051	
2289.9650487419876	1256.81806969822
142564.7055654545	143342.69546297047
40643.51637986595	
79633.90127604167	
158942.9143392901	148090.48285115816
14310.966345262546	
7145.085412842167	
5885.523149921138	4543.662852403389
6493.1009065909	
27762.877701141497	
	
1323.9812486249273	
947.5769353627796	
3003.257766425444	
1741.9789785037933	
475.65406147953934	
607.8938158538022	
4355.947754197976	
2053.7133567664177	
1852.50116995817	
2115.191857872514	
1788.1221239967228	
826.1844897270907	
	
1122.0319927880591	
448.36799981809094	
753.1255295464773	
2407.700637608653	
959.6822830237357	
799.4147121917437	
466.5058117521684	
760.275211335309	
1965.159439655702	
2166.1503331217514	
1141.5070495358598	
1761.8322470493977	
1111.4945964158446	
570.241766647066	
1120.5835411504163	
1533.67280179493	
2035.632478479186	
1054.1866760561156	
961.0876887878476	
1260.9875224406371	
	
751.5479814770868	
813.3799912147723	
	
12490.534362788958	12426.044171800473
585.577366072202	
3322.4262365459995	
3747.8754400741377	
1688.6240586764209	
2581.237574833925	
1712.6836270665754	
1553.0819166905346	
22723.47026020715	
828.5787353376722	
7653.5952683285	
2566.388248854019	
2799.1925797633294	
1431.1885099957676	
2783.6458165912227	
2121.4796395742515	
2171.760832385378	
14629.36630225062	
	
20733.853951215984	
14765.494589013162	12885.952840095615
37294.061973177515	
3733.6352482882335	
3159.2610187566006	
11755.58197354605	
33149.669040507884	
6339.609067909639	
3264.952993497082	
	
1825.4165069802712	
10706.089112486768	
6853.381159525218	
4411.991898581522	
2897.6909632937723	
7272.879855988257	
3359.5814501436626	
2875.8283724478874	
5986.770857279176	4881.026364970976
4578.2112324742875	
3771.8094799189525	
10340.067070180768	
4612.258575632178	
6196.167349555905	5728.924053438828
6579.603423845748	
8745.621125772586	
9729.156145548379	8721.756141045242
37986.76604997006	
2511.6960361799247	
	
3145.807358890863	
8963.413169301944	
3511.7604617180577	
2883.8303272420294	
5276.190644766332	
4216.667069254707	
9897.193718472603	
13683.342852258214	
17389.96546123782	
40139.5488023907	
	
	
	
	
	
	
	
	
	
	
	
	
	
	
9986.197992404766	9139.917594189612
	
	
	
	
	
	
	
	
	
	
	
	
	
	
4801.385419088769	4539.16707444581
	
	
	
	
	
	
	
	
	
	
30817.166626161135	27245.591679815934
	
	
	
	
	
4509.644813661332	3556.6199372053125
	
	
	
3694.313117362492	3210.2775304744882
	
	
	
	
	
	
	
140432.3176892944	
232619.02751108108	
162623.15587216313	
596412.4378337269	
111016.71817549127	
40382.16413581289	
83583.81038483515	
12418.52071239153	11968.029096290362
10356.888376930043	
90900.15337873234	
302587.9745735356	
6505.63421627742	
22181.57093876792	
111557.71252632982	
175307.9954096855	
21278.452027233932	
9089.344595127042	
6060.399999959483	
3068.806678610381	2398.337179634292
5076.57867364348	
20304.860497364425	
10149.997941067702	
46083.778270512375	
3177.829934632265	1741.154595636185
4487.014593699359	
8596.821965815723	
1826.0949958895408	1006.6009045203931
23702.037943363146	
2180.6184253565843	
2126.0451061235303	1102.4262039895286
1185.8685160131915	
1358.2581309224977	
1074.612331401296	
18661.638490406043	
14092.202868918026	12539.308430933916
11243.725054216584	10329.574045316702
456.31513522713766	
21821.355356006377	
3037.5293547470656	2712.450463275101
6637.723430968359	4424.22396740874
3355.8369892896435	
989.5997490073186	
3000.9202110366377	
14841.025526341642	10039.689078719535
19397.546868348974	14900.976319709502
10502.231204742693	7390.57875643987
7823.984496134797	6374.934636385256
9834.772200781403	8133.078680348032
6501.200623195799	5806.2381432881275
5591.400487568586	4706.913856412653
11990.271266264974	11432.807825324368
4352.478455262384	3677.082425278161
44893.69269723557	33594.029175519485
14651.956546082753	13294.888763878074
24726.560464581653	22136.334800177116
1978.3927227922552	1606.1244932575119
7151.862093978987	6829.978517766612
5067.863483336436	4245.682926727454
5977.241967331616	5278.2851568253045
2882.8254612539454	2739.4427598357925
18372.676113777958	17661.766481934203
18382.485412720984	17449.044948980103
23328.64358383952	20759.43471348759
99922.04494420701	89876.74122287815
4898.333153760852	4111.485361680147
1998.669494246316	
1392.6610018137349	
3454.473872620276	
1383.2432403361224	
3046.874318448907	
5277.713056834997	
15051.88706169681	
2529.252825767763	
800.8610917716553	
17902.801532221973	
10938.11591993393	
2186.0159336829	
3374.0618739617744	
6157.277809603183	
3719.4176845139136	
2459.259768230265	
2933.80612480944	
1923.1341853788488	
2195.161797873985	
3332.608548979963	
5187.26952672384	
2821.496807569624	
2821.3081036248536	
7648.104114750416	
4899.405994631598	
3549.134110270319	
3750.8270329866614	
2271.207455928425	
4462.443325233381	
1803.4968620173029	
16202.833270994088	
2614.273206836667	
3934.300937983401	
12366.307095846083	
8975.348670776115	
826.4818299746549	
1153.142774565099	
10876.259792530718	
14870.90963763301	
10815.45184468349	
23071.041516272817	
80162.75002749238	
5853.1847238419705	
6611.023641567212	
10145.980481140454	
37891.51388824063	
8639.861396010408	
29620.43005961493	
7108.464388510357	
6317.272124059569	
23153.584146189085	
7328.210226252785	
38115.8224905247	
53124.92570524078	
13452.449851972182	
8895.211529101563	
27599.051694213358	
23479.67897071826	
21629.015559755266	
9165.41563258003	
6732.35052984864	
6243.9208410742485	
20987.258147826004	
5349.252235457632	
729.564631469575	
22396.526393349362	
923.2326383138208	
59035.52091653369	
18019.42035188221	
50595.26427578927	
653.6003613492708	
27311.941433643617	
110271.06896169542	
15601.55480864861	
5383.021477050379	
410.01952142631137	
19723.967014437738	
15912.06847659911	
4579.465518027658	
7143.144151141543	
40994.151104597826	
4628.384144729627	
7753.19913465399	
22932.104009492446	
9140.900506602025	
24997.04388843493	
18985.52685644834	
7955.7554609790795	
983.5342020467305	
32256.72663784115	
25525.221759587508	
25004.365755672603	
652.0765609702937	
9576.612137158028	
6639.942217895866	
6038.110077624737	
1412.3734531769576	
573.8743221666786	
3134.771307880053	
5310.105242222356	
979.5654854207394	
600.7731312490162	
	
35612.73830403865	
6502.791696405169	
4697.992357258872	
959.7151385013353	
2990.73968964049	
3465.9059044702694	
1555.200158595232	
8598.452094674962	
2350.352806772389	
8960.624772199099	
650.6226694841583	
727626.9759464661	497615.4568157561
7845.925784485795	
4055.45690287294	
5916.748566358735	
1154.0353596503214	
1747.0470945686511	
4608.847212307852	
579.5985684599999	
1786.284553050281	
8461.160291916318	
5650.128483389887	
5918.156420573743	
5368.981882435864	
484.3884209086394	
9369.651242934273	
17339.642735137833	
1718.5020755773423	
21606.36742215468	
5995.834160468135	
4419.736622942668	
9564.59435633026	
10253.501642817082	
1320.8729277497996	
3879.946758183478	
2351.80373619671	
1502.0437162826406	
1019.4850571334599	
8721.304528504876	
5271.419352090733	
3490.912081529015	
10838.33972408776	
3967.9277844130092	
1261.8399133713638	
887.0233994798525	
3163.8309799057347	
6932.229498003077	
14520.427222547885	
307.70871776869006	
4426.013971606342	
16174.03968550679	
7504.408364496763	
7178.200768987497	
1369.3697055338077	
1352.7264579170549	
5782.1639852628405	
3196.107769381785	
385.654405253475	
559.2472967858397	
1595.6239242795477	
982.6538209326488	
1007.9684468245957	
1562.0994935283743	
2019.5573318256245	
839.2771677862668	
512.0907136005652	
1107.6591633226767	
724.6721131395846	
738.1090886783167	
1.384450851872177e6	1.2683622887468555e6
776350.2728415433	656477.4017584218
2187.4440184357486	
1701.412599818093	
5010.615060112655	
86.63281013417833	
231.03746339602674	
1038.5824744224306	
2948.577463588159	
500.2563452550772	
2309.4217761206696	
6949.838448679461	
2730.190075325117	
858.4008820590982	
1061.8770571286361	
1907.9440598247124	
972.5770506640617	
1017.4449645040564	
1091.6381832873685	
756.9977087932742	
7832.78372784658	
1241.0454984615556	
563.6925320556117	
1013.7733413070757	
1426.446275053812	
1224.7695154794867	
883.883205994421	
465.9608286232636	
459.01499444929476	
3192.2798455457787	
2657.7118696838243	
2512.4833529606094	
101.79143108719299	
622.1817055435724	
547.0656514250257	
168.86895274615702	
350.21623508983	
6658.446607424299	
1116.1921385237804	
4755.789373079376	
299.04791818584863	
538.2625098384867	
909.5405486984839	
774.2081200488419	
5091.309767535732	
5093.253928174385	
2600.6220027449517	
1893.467781061234	
454.5609095710298	
2522.7070227283634	
2491.998940229534	
7141.281797453053	
178.04959343215455	
750.4273149326532	
8405.8331272569	
8322.955520499829	
1054.4607814160538	
5028.992393678462	
23367.008247304173	
353.0020802174692	
1453.7842028749812	
720.3063565071539	
4798.350132809344	
3512.641856540759	
13485.102938119453	
9194.317140861172	
4583.469997858481	
8289.630556265001	
12168.503865200704	
5488.356647520417	
21869.815703868713	
1461.194548092045	
3234.525219970877	
7157.149800259506	
2781.9740184434213	
7035.737515797503	
8473.567583170568	
10434.376315403737	
9883.454338981332	
6556.107881450822	
3424.8713645756275	
1944.2374049082957	
9241.796603139515	
2622.618806903126	
3083.332121590346	
1198.2711751208915	
2670.2499440082556	
3713.6830975692287	
8443.774396899113	
5644.758408327982	
1869.713279421089	
9672.479832211784	
8042.642471424144	
2173.8281753114356	
7093.088118742627	
360.5656760497833	
7269.497195014251	
11833.148895562705	
	
7893.443561486061	
7574.38181476289	
7021.6430025597765	
7555.36360799299	
7604.031758425266	
	
9797.910958693374	
8039.253200080911	
539710.8455641498	532578.8638667413
9068.531910037727	
8649.820770828144	
2.2723928782744478e6	2.935193196070761e6
324844.7694463194	218049.97857873142
1941.225469731211	
657282.9855220888	534444.5848972496
1.6407342710737574e6	490339.83397473226
388.07750035507786	
494.60207022952085	
707.5291155761869	
258.6631925338796	
925.2339581361816	
283.3708281759445	
	
370.5009258667306	
	
194.5740564894882	
215.31162078483405	
263.2590347622317	
1426.231981086378	
669.1374241930623	
112.11014114025062	
139.9096795579391	
107.42507467761409	
193.97732907580777	
937.6639476192531	
144.69727427388855	
6799.508382594144	
482.46282292265636	
976.350497599289	
99.20825595873522	
4124.9320310070325	
851.5670378033528	
212.49428170307348	
558.8557268160615	
338.9626544088836	
158.11744468823943	
1183.135653892931	
122.24602280700535	
259.36034197759153	
819.7997462052796	
1023.3067897231132	
134.541281339914	
444.80503853947783	
173.61683221227622	
621.1745670305718	
289.5838163478028	
364.19557686056606	
1213.577050390706	
972.7165176051374	
2887.9236063654225	
1476.2340101058087	
6340.506026708879	
8314.59977863713	
1575.3179622663583	
94239.40004621542	
5818.731045628345	
7611.295634860137	
6440.539219550789	
261.4691105899782	
573.4299470611707	
877.6550113648381	
6661.0959986258795	
407.07616495766877	
3581.4540431259597	
3619.8608574813434	
17651.279792323745	
5042.327669485678	
7509.479181833928	
705.7988210040932	
3728.6691660879383	
1588.400919076739	
10182.711448141727	
3232.151841892217	
1063.8050403718858	
6827.081586733497	
304.01327471083675	
3905.5064902783797	
2150.181444232441	
16489.10153643521	
4059.3255199939563	
6113.2036349049495	
7332.456733224837	
17740.432305538954	
6001.473748114629	
816.5232370409738	
212.9436255478934	
1235.9961237840157	
1924.9629256979965	
2630.443647257049	
451.95835417161123	
1201.867062383108	
721.1240124691719	
2257.9893891655047	
871.8164812915206	
3080.734852608844	
1343.58079006959	
2300.3495679673442	
2300.892720823299	
1456.7513769674008	
3265.3363369504696	
3639.3604770093852	
1444.8095697305478	
1017.6030772843499	
873.7959446180909	
1414.7028703831602	
2287.6184554266492	
1529.4905643227296	
9482.599437389048	
4691.898097655328	
4025.0912857944727	
627.8936885134098	
3407.4070820679517	
4401.625253498335	
7204.506713084972	
2443.2544704691754	
658.5363364579338	
446.6062698832385	
225.02247598734914	
3557.7590844094675	
1829.5075744020935	
9650.2097529547	
8463.158754267622	
385.6242404153975	
122.44427409624292	
105.2605007773602	
6585.474371599019	
613.2349095942571	
87386.01801128671	
18205.72477534608	
42284.04270109973	
18989.860131858157	
9651.065182106493	
20761.787799122543	
5199.531813427409	
144.84831720055072	
379.8782662755878	
14844.643990033524	
1103.6492973899133	
17854.326728477896	
194.58477297116806	
19623.468927827664	
10065.121886382616	
8318.439437414474	
9711.89534878514	
12238.802843818456	
284150.30791236594	
8368.795911053616	
12348.52324392043	
11915.225997812126	
27036.7392160885	
17761.013760722133	
26564.43982658089	
7840.546891699861	
5970.164757621572	
6495.1690184714225	
5608.961446613962	
6069.555022456054	
19374.238732708185	
7159.24970511995	
9064.050837173827	
4920.984839938184	
8408.08919110595	
6505.809830530258	
8166.537607895669	
6756.459021427527	
14364.872744522649	
13726.969445577613	
6285.682332678157	
5389.445491855282	
13419.370943225682	
5111.469759782084	
10082.272085655546	
7281.277830276043	
5914.107798166826	
6273.769872381699	
39797.83856893604	
12793.431225554501	
13776.3341114301	
18729.722241396532	
23082.332138896963	
4241.994139987839	
14073.99713901509	
5850.402935797092	
10947.61477423285	
18262.5947197181	
55872.839576227656	
20376.192352308095	
14618.574941799905	
123566.37278094856	
10346.988131516053	
20078.620538181796	
56495.68089618694	
18693.362926307032	
8297.160254143078	
16932.889592139527	
38441.206695874076	
16905.786625108016	
3461.8350758622687	
18389.23747823964	
108138.33470867852	
10597.818661292404	
19466.2652690756	
12621.560383982245	
12057.780634913683	
8323.28435094725	
10837.863282985436	
6549.434070809394	
8499.806736581208	
10185.087629563972	
6120.532365685713	
11764.788537182545	
8519.74623173274	
9911.836144486375	
10544.600996539277	
2912.3805401254485	
	
	
	
	
	
91842.16127351845	
	
	
	
109665.11442226106	
	
	
327.8430986137516	
181091.46274482986	
	
	
45366.5467916559	
	
515.2369178093126	
455.4215899276131	
1347.2895382512606	
2093.8536753628796	
527.352968117237	
200.00164592008872	
1728.3592098733532	
117389.81083751169	
2549.8646201924453	
100089.33951047239	
622.4295527876133	
9674.10762068012	
58787.66278682621	
6036.016345756193	
1969.1591379742824	
4799.9480389101445	
123.51259263752806	
2379.4034208422104	
3485.6805969195734	
1363.6157576165403	
4311.930477249053	
330.39001297781425	
1380.3034054868901	
5317.655889368595	
2420.1711219162285	
2197.5403126504884	
1354.4189463209054	
564.3753971870859	
5303.383345903847	
1384.6405691188343	
	
3551.7057442673636	
	
46013.76044077739	
1688.8060668770395	
	
	
	
	
	
200.2245521491952	
249.13243171996086	
191.58280192843725	
147.82493382105946	
114.0810397808413	
127.71956485591657	
167.3419203757597	
143.72522154382207	
175.22369879885366	
126.24325116138853	
246.14942496139892	
553.4149228578075	
2375.975980235047	
154798.49364286385	
169432.08001429553	
137143.23548032637	
182648.72482757425	
1064.1694177407328	
144249.3124703918	
219286.65419921197	
148950.45586855776	
282622.7792411722	
129574.31747655786	
189940.85524168573	
1247.0919356460745	
211525.9230753198	
1545.562651438386	
180059.5714221154	
100656.56575386575	
205379.21260879785	
166159.95165691976	
311437.9359971158	
237753.39339433276	
138812.87329060934	
201951.33591418175	
167473.13927192686	
135090.7584132693	
16868.46983355689	
122437.05191896319	
14713.676346457249	
153978.85025042974	
29758.45296618089	
412833.7379147043	
173119.41429593493	
123808.18170113215	
211019.26855149004	
149547.3794638898	
146702.45846781018	
5681.558391980935	
170812.30522730126	
17541.07798456275	
5028.690217408695	
76105.41271204855	
18709.803276517338	
4358.733986043872	
14661.196026088597	
7439.879255843062	
2617.427732317532	
16971.5890171043	
27660.9825215409	
4359.3057121293095	
78870.48283516525	
11373.486091207342	
7495.609038846541	
7537.813158872769	
11572.43376643034	
7216.991148669244	
248813.33777632075	
3201.876922758165	
190691.93343590898	
4194.316839773602	
4103.493632362723	
6545.037636090233	
4446.785951927251	
8726.555314701733	
33133.83128262022	
9509.080467655238	
61488.96082769127	
35898.40197752017	
32233.13769491212	
11603.682150388091	
39433.11836093822	
30120.331984606753	
85082.65969932418	
56893.68857818493	
10515.40392958738	
10402.205894313569	
147635.42401405648	
28544.670940722663	
31431.509386492966	
27307.976755672702	
127312.07007422569	
125300.68995365687	
24037.03386876215	
17811.73812592824	
14225.41620170491	
26903.32824807555	
27425.359088064255	
4211.68766268325	
98669.615740054	
52868.07835716522	
199327.73956635557	
71246.334321121	
51577.37630429716	
49440.16926138569	
64230.27209653903	
95513.90193476024	
55869.31054981953	
37515.483910995965	
176694.82189452424	
179896.77496831282	
59980.95162875535	
73149.71210361869	
54038.37250633697	
63779.88114559085	
4608.981633741582	
257980.83640954146	
59994.6995540016	
138704.79294020633	
57118.44375463936	
90839.05662632386	
116193.44383680649	
117907.04075580093	
121120.59498301691	
174621.78047785925	
109856.58117315164	
70575.84340598423	
136449.6769503211	
39971.54481528871	
76727.78238437643	
95166.5892008462	
68195.47221258696	
102179.49964913113	
165652.25973830753	
80469.52185874995	
105461.0281497247	
80319.05218941621	
123458.88042560159	
89236.09383874745	
91560.59612109109	
97900.74917836957	
77545.25030997104	
59522.29410755368	
60073.201011427336	
37809.91833424746	
60102.09964115968	
79762.66658827069	
72967.88645194682	
449.853711707352	
374.9640086438536	
1251.0334978849899	
5632.257647318662	
1298.6486303355837	
1134.907655448007	
991.4197456077109	
915.3925449484043	
419.9909706182663	
916.7527620230201	
1630.502014244001	
1950.137159915805	
648.463960961685	
26134.59286932207	
26195.748358658297	20695.373650296373
27192.065077257535	
25783.563376603346	
26694.23290712647	13861.378302950654
31488.946162367603	26452.343375625325
53909.069662808164	34201.98827329049
56053.231949324145	36693.464492819665
3312.5438064735754	
1998.1457017966673	
1405.409002607524	
868.7164942211647	
2860.677436122651	
2094.9626972547435	
3314.381041510833	
18997.129186945327	
8489.050335019374	
4193.675906746242	
3164.033643887531	
13694.101689192046	
2570.3625359912817	
5138.094348595008	
5914.416323464314	
19862.4387325715	
37950.57349368365	
7227.918443614325	
15145.640154828361	
8276.09951395638	
26932.510885760108	
17221.790464332662	
8089.263091882088	
16200.896882957883	
5313.425863998523	
7115.583405429814	
3622.8314002215166	
164.3449022686163	
967.3813588370282	
1709.2013213979226	
659.7188434372883	
8455.388346540052	
2197.1463439462955	
158.17366140582055	
421.48213064394344	
615.452103049284	
53714.03908102497	
67.5028508846493	
104.83294982483837	
191.56765204216057	
1927.4669382251973	
132195.54686637947	
214598.37100293525	
312765.2447455751	
126662.47017357938	
194579.72043246828	
102480.56708979067	
119412.13990854028	
99408.8383857305	
33602.90920748596	
47735.407563074405	
224130.3733222004	
161892.35827098528	
124620.08570785905	
32840.72802969271	
16545.343695634103	
55810.25091172259	
59989.575877155075	
36777.86259364254	
48497.50391884109	
18770.0732418576	
44528.2509020929	
37821.15735999415	
47440.696243941595	
43926.08118247411	
27014.037657810084	
31500.81484453605	
88507.06481851799	
24278.89864243236	
48701.78486592824	
127908.84251100446	
40487.6845496655	
29150.729479001147	
59045.56855221349	
11212.653094254916	
20946.51960152594	
65942.24714809858	
43481.0963748679	
8393.291742814745	
22668.92283893727	
17463.29237043484	
15535.427114382588	
32349.32877907474	
47176.403872117924	
36629.603086362746	
1200.4964149799725	
1691.2671378888303	
8632.71276967061	
61629.695538440064	
3087.058286380877	
8544.653230822143	
85605.0053503184	
12512.186479418142	
2720.2661989399235	
10289.133407765747	
123086.24810783933	
17007.285949554316	
28346.24831350903	
13942.675945640614	
9481.21832687779	
1677.0915829830485	
1215.8423790642216	
917.0120637217249	
2750.2868543870186	
612.4816249055915	
1148.9895006293898	
1985.933894835227	
474.3468307249379	
2231.992502420602	
1461.239672061389	
659.6907698468112	
1163.7447604309104	
585.9673419198308	
542.0447495597206	
49761.42957249175	
2059.7236356219955	
2717.4018795252764	
5187.686774804778	
3242.7769989112176	
5026.119558911697	
10372.847185578983	
4201.954165313663	
38006.78639807316	
15000.121831813849	
18976.648262194696	
1058.3640687194659	
2513.282891346757	
7398.700832627653	
63786.89138184548	
41384.91505728104	
74976.34330445013	
55170.40860669732	
83088.57060668676	
62904.223075907095	
42156.06956547719	
24719.19749260621	
32103.886672644912	
60710.49237532921	
51159.577782517306	
29237.23636234646	
56661.63609031316	
29985.085855741305	
86143.26098582125	
28665.315710010364	
93276.13999097786	
53533.91597474418	
42830.085626178945	
100818.90823915342	
26517.154327435685	
30090.673150427865	
111155.42660659351	
33553.58539536704	
89078.32568480147	
45786.28670804516	
93228.70112637313	
54812.99963323435	
68986.81762389735	
73667.01367234341	
95982.31812057593	
93623.19841358984	
7996.554942682774	
118477.39915412445	
97225.1069715147	
87006.35321002878	
91393.17684707009	
155091.59954187454	
36522.30280112315	
43324.007208435134	
35695.9982756412	
38839.61171772793	
19451.75034796845	
55365.58993885903	
69475.83195193733	
40868.49995575917	
35215.63500877438	
50802.28751098338	
58648.63563505618	
33433.4979366226	
56715.08383237969	
57508.361754398815	
67558.37592777694	
51089.00037168092	
27038.4874910931	
77379.87709246897	
14892.946491179979	
25844.290208226383	
144304.24567218748	
48238.18935345394	
52842.40227911729	
2139.3260857262085	
22353.336177522437	
38976.79344781999	
90562.53486371272	
201978.73736917027	
23909.97205381927	
83658.05045943077	
74810.92445724645	
45673.08253201718	
13750.933104688818	
84015.33666956624	
62401.10571581148	
59451.71173489817	
36760.899105401775	
916.0810380927799	
80211.32945212729	
50145.58236935283	
33270.50261489065	30109.668294378353
30368.735440421646	
48653.59358617268	
19061.601601330283	
83778.33189576912	
55802.295038006836	
39713.6085118762	33619.07491843839
66474.35360894789	
53469.157234196886	
114822.43722431047	
62269.33270157113	
19460.463577028626	
105900.93438692826	
85580.11292158977	
76699.99420418212	
139712.11422731314	
87509.35461595288	
82284.74403959994	
78352.63773257972	
31685.285235202547	
123419.32747204989	
32126.615336205337	
32868.9210310455	
34950.325386106604	
196671.60266137132	
989.8741456080346	
84591.33767078137	
115560.88727906081	
268344.382174111	
155120.66727020658	
28739.462928540786	28203.72647117896
116777.23611057829	
220399.7064841774	
156010.4921100189	
174423.87143399517	
63717.618978065366	
80992.19701375242	
125675.27747306986	
116208.968244868	
14192.670381210375	
3090.063383028976	
2706.035666790459	
9759.783148524146	
20222.29121788873	17018.695965986153
32408.840397951473	
24286.098463191254	
35384.04378122336	
6814.875326824066	
10602.510404801533	
4987.220489152263	
12986.966453903611	
2889.86479817119	
3471.119591440648	
18149.701834048286	
6937.100405010185	
10798.560979422424	
4528.779926503231	
3670.7343288276243	
27091.209037778506	22163.129140671474
1726.664845098158	
37974.42285474806	
4498.1035536057525	
1191.837290113626	
2238.8910173966256	
2298.9162392199164	
1455.8440691382377	
24039.012910680616	
613.9148429816222	
13766.203578240531	
22174.26136957579	
2266.881215861685	
15636.898738312708	
1399.4127485427223	
11355.059219059089	
146817.83919356615	
1908.0726529549859	
1815.1174759165988	
439.02068489583445	
447.1035265279093	
892.6502396631827	
24499.956370719723	
24127.050926582226	
17345.891866711867	
26927.246571560485	
27207.69913901274	21884.002869301206
862.4496984211906	
2144.8399425498683	
24313.486221309584	21013.71422500189
15126.491792694422	
27447.176827511892	20848.63673872101
21887.482565335074	
48003.544364766254	44430.18251051664
226326.26996101285	
27415.897961850125	25857.181172298224
21887.482565335074	20900.416553108957
35340.96919777325	33573.84704961874
11199.701001751828	
44173.88576657379	
22629.069713624624	19670.892575444945
33800.32242505628	30014.85679342112
30953.841879805557	24487.28943579632
28716.822966774766	
119974.53383646268	
21510.692605646385	18852.98869021902
30815.638118717186	27818.02140684809
210541.35405913857	
32448.202284320087	
11403.78306172141	
29313.79331925394	25267.82037435769
31639.31375130898	27231.478850157717
35198.56015212137	31697.111282141734
15261.728219996097	
27286.724964758636	
12190.701795994248	
34871.32071647146	
22276.647158189422	
32627.797350305602	28603.05806302978
22746.06586522518	
26482.750137261064	
186891.87976986548	
20250.460441565298	19353.893362444225
34679.998320875464	
20785.62157136424	16695.759534305245
36465.854965127764	
22096.57189218753	17556.882121555216
18621.803655872885	15173.218423974608
35493.57502034308	32628.04187847959
27779.48574872095	25092.97795511919
1035.3898279730217	
33240.37588749852	29410.440924934752
18766.26467720264	17099.359527861216
19958.41246440316	
24800.35264943854	17052.33730542493
24652.88838897552	23494.623690149747
83918.55684493683	
60494.643709891956	
19395.144884504887	
40202.47475679318	
48749.99126241453	
94985.4066447274	
41677.03648310316	
57950.60497321809	
50448.19797653657	
51123.52134965856	
32925.460710494175	
33136.833540869025	
38613.30390063128	
22557.900851510625	
722.7645301121896	
19755.350330348054	
31292.00671448871	
27227.510483556045	
68666.12043323838	
158906.9586309016	
16078.097142670395	
40725.59373851094	
47773.71635138277	
27421.510946296894	
49729.4736013571	
34383.95474014595	
56101.4751005157	
35784.46189050653	
107649.40080674744	
92988.56124562206	
74017.62877450847	
73068.94151483421	
8968.032838587269	
18408.458003306092	
6845.181348894708	
10104.446188255337	
31660.874735014597	
13692.083216649606	
18333.325259129448	
17255.072639598213	
9957.744630823046	
166701.40777942084	
22928.87269782361	
12462.012460689717	
29403.469774375826	
3324.570051100436	
33475.186046864445	
2746.9362554470304	
13004.477420281779	
4472.018133237587	
	
23497.806545885338	
21395.20937619223	
1418.2982555618516	
6002.75240016491	
8807.393270252513	
9062.242400912051	
6350.237785078086	
6122.352092491286	
16072.921270127525	
25076.509598923552	
12646.61847988169	
19000.139773758412	
12939.830400303115	
18143.935689843158	
39602.59925047226	
17821.501376118522	
20103.583805179667	
18899.42416299891	
21807.05384002764	
24199.843897751718	
21094.910894242952	
18204.044540988227	
23411.831839910887	
51451.000804624	
22065.204286851793	
18773.849115186873	
10812.391378425957	
25475.554142687237	
14213.476680789276	
24144.121248265983	
21536.7447167189	
20273.683522377432	
20870.60362966898	
16263.188397591257	
17791.226716356552	
12983.378310947872	
261997.9906754515	
15880.425468320434	
13081.732642526393	
10984.739588523236	
7572.464771492614	
5663.011184711388	
6273.361154316022	
8195.18145162116	
2950.802132926123	
15078.666252004217	
11178.765948336539	
15107.03047605058	
10000.158873088034	
11634.78576435818	
12301.326584452418	
18763.119299394075	
17884.653006904824	
37325.79881761246	
11716.163945957198	
	
161674.25450995646	
12803.039933255346	
7774.879978622735	
	
154800.54389201844	
174067.71122441278	
245136.54905743885	
172050.40343883133	
7273.112709343432	
4215.28052580898	
7950.12337889917	
7230.66282447799	
6387.95456723691	
4946.25466099596	
7607.150323764355	
6731.860548161953	
2487.9340195869477	
6831.262787112873	
9011.390356102065	
7012.213713130142	
11130.58450826966	
6100.959681403791	
11081.162148855545	
4436.924673777547	
6841.9042904973	
6955.1981433771325	
5598.542675545073	
4858.378575881067	
13462.313057991698	
22211.786481782452	
28723.483439941152	
12306.847059385962	
8380.946511537039	
9486.854818397223	
13480.114550258186	
25847.555316909136	
5291.318105627029	
1315.6032544457598	
3289.1984621959446	
3334.859337984716	
6175.797140996867	
5785.6517686941925	
3462.5603832125253	
2630.4093335714915	
4926.644024103853	
5892.157743870808	
21724.7537519562	
3541.463748279799	
16943.326357187103	
3224.7484785730067	
8370.502622431866	
4268.86504704475	
4932.36878903632	
3332.498642288903	
1664.8642603718208	
1339.5063411335507	
1640.9420266507282	
4640.323701154797	
6100.552041627608	
2162.7523301049505	
4581.728661669345	
2967.2491153256974	
1459.395659369097	
67035.50693220005	
58358.123837925625	
75295.36916794276	
94052.99004529582	
87356.33525514674	
27166.254595595867	
69112.1441401579	
53057.69937662157	
45634.21079766431	
104337.93687789954	
2811.9082198109463	
72437.03615021148	
2114.1709846080525	
1930.1581866920112	
24227.3707408884	
12273.838274676325	
7466.115789639059	
8218.00489912644	
3083.9073321232463	
5539.677156721395	
26392.56468791989	
20799.109403284623	
10984.604644374143	
1239.17533134327	
42505.00947268759	
5461.92768771007	
1783.639317008015	
30089.663450922544	
2517.917534439896	
1695.4125348786138	
3608.445342378921	
2810.2358906922223	
2720.449572837457	
2017.2655266020465	
9543.047259877892	
3358.253583683578	
100058.57642253577	
75724.70618051215	
74906.80323870656	
119730.36057020948	
59495.070276731916	
44450.40370377077	
52280.70399465705	
50224.890315383425	
88660.16669934918	
137734.1836558798	
40014.515478503265	
35470.745023009185	
55429.81015668408	
55263.9265722037	
46575.796674769656	
79329.35000975832	
33918.49928165292	
49981.12882001501	
37919.257517749655	
25890.842939076694	
66793.50257158803	
58749.91294172712	
81718.50478236246	
56750.6056745218	
65780.47567986036	
73771.46123617019	
39963.95721017528	
42494.81751974714	
58561.87133114519	
52144.03959619319	
31842.793003932726	
62478.464319952014	
48612.42472922858	
57154.30464389317	
57694.378409541736	
5653.455642619765	
52137.75451383765	
44817.4316107735	
25245.855513361563	
668.3391190552187	
7332.8741060544135	
115915.08930554983	
191755.81876014126	
125406.20154686093	
49103.974324707386	
5177.00720601973	
48829.46015361174	
2623.1608504809187	
50535.64220203073	
4822.210418356532	
48299.19942476345	
819.618939685772	
8846.357176264173	
714.3287541417401	
2259.9950921198597	
1226.804572386952	
4525.841207727967	
2470.2725578238474	
2498.3709134036612	
	
1557.353044640645	
1046.4513522395202	
3359.408494980526	
673.2508276089346	
3025.419284925821	
1677.4911856881854	
4775.4718099560605	
1505.1179285230173	
727.8765465599727	
7335.805074128096	
1167.5865312232006	
6186.121119270847	
3720.529885987259	
2680.0830271357495	
2692.6927032123663	
17590.847702466814	
9423.377731314362	
1214.2015214563608	
2483.017682138108	
1721.0139166965057	
17243.454233465054	
2477.4068792931425	
6544.974182506472	
1723.5203442884635	
931.9350491734851	
	
5752.61084784689	
1214.706990307819	
14661.849394182898	
9458.110149586524	
6456.465255595908	
1115.216785657769	
4156.885285912093	
10096.525005068806	
6737.970752028367	
2243.07551873124	
1868.060619396553	
18716.927519289617	
8736.676316594076	
36299.94856566469	
17543.46222307175	
14711.539713309767	
26617.27699494965	27144.2886942825
17151.56892134046	
30023.878863003058	
6030.29809335476	
32256.977922035887	
9468.932799734399	
11772.598456112033	
31760.343861839963	
220615.93138000774	
34347.78787698536	
28316.637582422336	
29543.33005533284	
6063.637182498824	
27414.336463580654	
2544.791350299337	
4453.692309051204	
1556.0635634335024	
1292.4112606656388	
1099.2649250057163	
976.5349193735415	
1528.5075820304	
1000.4013651405714	
722.6162703691598	
1586.5327877247219	
1434.333620209194	
4630.942882165545	
1895.7736900710713	
1651.8334651933112	
12685.759522555963	
1661.820897233111	
4709.485076741657	
673.7806625292468	
5089.676379967187	
961.8483025659061	
7327.579946339101	
25092.07961425816	30261.92935624356
1772.7719644079455	
1529.397068466055	
7563.345559208285	
1050.8337083218205	
3446.4125375277395	
957.5333520180926	
8057.635836736969	
1074.9360701292676	
1989.558444181837	
733.2099794947569	
1767.1328355667883	
2139.368160932756	
1277.9825183901257	
898.8362300874334	
788.387893812758	
1492.3320649224788	
1209.2600250373212	
3226.216046173774	
9758.33829027002	
626.9059633590576	
4727.066766276992	
6102.515229736975	
26649.31345715675	
5111.834972154348	
3675.7225500139098	
16438.02769890469	
4166.088754716522	
5209.855909498805	
4521.957180853225	
4474.021316980637	
25305.630859342036	27197.852319601647
4480.17344443311	
700822.1598906051	
12847.910104421579	
19439.77044432008	
581.9097978441578	
412.45203099629515	
741.6535763284826	
567.8828807452505	
418.16760180507214	
24893.739158583638	27707.02593590141
964.0003737976828	
3141.6174161823396	
29525.67419481732	27640.902455995925
440.3226027059095	
692.5611865605906	
26365.203630079886	26287.248452733955
3149.0448045082753	
3323.8420385811237	
11360.405087410822	
11204.421582545185	
8575.595978226627	
7196.762841811509	
6163.538660671386	
10521.370599345328	
11852.647423352466	
7553.637772623736	
10155.388360664241	
675899.5523925312	
15291.638583092656	
9611.199482826332	
13384.291158928021	
10290.185383844288	
14761.637426239251	
16765.047310633636	
11163.563637837711	
15928.847251512378	
33119.70066128415	29893.90355334856
15179.572115185829	
12961.691197839025	
12831.804892643157	
11365.383646694976	
19981.10816693521	
32651.999001516953	
421161.69404426415	
11942.525091562042	
8210.099592462591	
10280.74452380982	
17494.412489265993	
615197.3872361205	
948757.1117515311	
434404.13229649613	
601667.7368271005	
403565.7042917815	
9586.599202756268	
473937.156196479	
1.4326986283241822e6	
589455.637591036	
667302.6776279307	
24334.174793974955	
15166.405907157909	
48185.31702139633	
2688.5544953818135	
29226.78913599563	
6546.348023286822	
3019.5588925704337	
708.4978113722294	
34644.27740228588	
29481.750906634326	
3907.7936862933743	
2525.373006782129	
17059.747074363026	
2093.323032901908	
2825.1230130708886	
2458.8503677133144	
1906.9183887830216	
3218.1693010315116	
21225.607732578734	
57052.030963162804	
149882.69858974265	
27642.268313570257	
12641.512304778338	
29458.791237773734	
17154.413559248675	
6467.780392512906	
11941.793693902115	
8168.3011631774325	
9868.980244676675	
10725.714292587983	
7041.7165348830495	
18617.76506917187	
3497.71568422653	
4352.553411883545	
119390.79475473418	
6328.488835742362	
5835.762512106959	
2706.5638612805087	
44028.864357463455	
6895.339388766643	
2835.739936587672	
3965.130651403049	
13327.734002043964	
3330.2824183427756	
2333.6480071216974	
12272.501741355241	12404.693955487244
2533.080189684056	
15820.830018208631	
2240.104802813478	
2175.638863765188	
12457.426785704456	
1575.810637687265	
79884.6141667858	
50656.4416590557	
7883.865377900334	7047.713824493921
12154.166217052572	
31523.542213223103	
13058.182546121874	
42959.174700954776	
9643.864177440495	
13300.969399020052	
12046.07618258689	
21065.60005973928	
17932.512911188227	
22436.80099553273	
14639.615783265459	
14483.400260290862	
13511.126114883362	
16522.622369889086	
28350.425100419227	
25358.93771967095	
41128.842426506686	
6911.317787854204	
2450.391301081956	
19329.670434393825	
2143.8928516218066	
17903.905103394176	
10331.884354708933	
11289.207022657518	
22326.221641659497	
66459.66400478577	
22783.87232222162	
15881.136397215312	
14989.290447993297	
63474.34227872524	
264535.66878274304	
235170.7810809771	
60448.38225523927	49606.37281501014
247004.87230068728	
252950.0089081779	
272361.60713875113	
	
11898.809906036286	10429.365678004484
7539.776779598296	7789.981168495657
73951.40913583623	77893.14545804405
97590.81718299403	97655.36180991412
228.57216441769518	
5917.201480658397	5881.933550978402
7201.020032170676	
8413.364846737959	
4734.758200791323	
544.9148459588351	
12272.501741355241	10951.074397834725
7390.036209183644	
5695.599075883206	
626.4055936523526	
569.1582923678588	
13316.633477170253	
10050.408648755763	
333.54596803370293	
3096.9975291058163	
611.2357369875665	
1118.4179965315557	
1361.28636494657	
4285.407690498712	
481.4360934767587	
3063.0884827846367	
2572.6325674391774	
11962.346374621871	
7540.026433306841	
8191.277572602286	
7590.196131381249	
12750.67846778517	
17914.026984980374	
11169.874379667484	
30639.375897304933	
16440.01725930905	
7138.820418078073	
18405.361808069993	
19319.06565462624	
19537.637604611326	
17195.18043490434	
6107.190853510569	
16792.610171185017	
17174.68407577968	
8680.923353302409	
6350.513757514995	
7967.629132996364	
5058.535567487837	
5466.437331261923	
6275.224438572259	
3990.6117952172112	
6850.389343089739	
6680.766565767141	
7398.048790835866	
12123.227752837596	
5539.2436082607	
6802.188079148615	
8823.21222962898	
11029.037027217073	
7032.1183630060605	
9638.110488279894	
27464.89874082143	
1435.192164621925	1268.5703353402366
677.8633973667412	533.651643684737
93949.29091969156	
61417.92645217964	
1903.3879073764344	2248.7548001762107
1573.604638671708	1396.3298386746728
98362.04754563661	
65624.80960987064	
3729.7285405082516	4482.798968205751
48053.45633681369	
	133.34688228926132
	115.95262264102806
1261.9271542334957	1138.5548286592061
937.0875772289731	902.04809501492
860.1519489625958	511.2796489798288
9229.148918125307	9519.247656490084
433.1368334109462	423.0953293823443
527.5279754146284	539.1285577543202
2924.5502095810602	2968.194337696001
2746.037268994651	3190.9300369131743
1651.4083122493473	1993.5295926083174
95291.55321621674	
354.23761623405676	
727.0602666673411	
709.9618923255703	
416.98024024693893	
830.441592242278	
57834.18827585523	
797.2107177578863	
701.2166009999953	
74104.48283577824	
150.07584090700848	
130.253215883711	
198.21813334324517	
47852.83157392534	
237.8664628980007	
223.7061652123867	
407.80563648587946	
40591.78427504755	
173.27907890575634	
378.1020616768412	
772.6605349103403	
371.62322693530416	
372.8496675860939	
105.86243057589337	
421.7402693239496	
241.54875733884302	
219.57897391980154	
334.0370891496619	
695.9231077532543	
329.3864967303844	
685.4150164041895	
348.9962485469663	
567.9292877330511	
48696.71532418517	
56085.20653432341	
49736.84399059647	
27676.32969009247	
7675.276163534689	
8624.391067359968	
15654.568081190495	
8921.496570253095	
6350.986721659729	
1083.6838612355032	
7357.364868461034	
12027.485199846285	
13329.562813481825	
11486.997254680055	
2253.0937145983125	
7650.185566671105	
11351.215926669258	
10763.458051261852	
6355.477923141591	
6282.801344100289	
27194.806139439068	24107.108951864382
9070.270377364683	
222.7586138682875	
483.97374262401706	
1555.4160531120053	
19292.82040971836	21423.31258242233
7519.721615640596	
1360.7270582197414	
2282.883111805261	
1807.1799779118933	
4478.365351163986	
19664.235316581213	16059.275425335429
822.9471463016461	
475.6575347062767	
2044.783356819324	
751.9395739749627	
2375.54430117864	
6182.803678354277	
2246.9603236596	
3802.5049580259856	
4082.440283552282	
2218.5400025825616	
1864.9243964824127	
2800.07457188423	
1733.0270824436695	
1817.8460164719488	
	
2726.1273946965653	
2753.3180874104514	
1368.590579020521	
1151.4942358858837	
1326.8376303928492	
2306.1244280998685	
2050.2456100951445	
1987.8966888804566	
38436.256303175905	
	
69428.38943780922	
39214.07103219543	
82191.36288881865	
	
94956.58151359268	
53035.35365074184	
76765.79327551667	
7905.479461750168	6766.970043332551
38280.76629143511	
34401.389849769614	
117261.11092443674	
69529.00295513262	
4954.4272642467995	
13817.297796564686	
2646.1131094347325	
3277.772193557605	
4686.486883924249	
2046.9161102825753	
5623.749249817808	
23038.46052704003	19917.90704333033
21656.851725869605	19672.545328484648
21065.318757905483	23210.948769108887
21262.457458558307	18998.4046980266
25811.569976250543	
28864.601650481796	
37671.66900569299	35000.76732325849
25026.525600983576	
35251.80717427406	32188.269854493577
27730.635827422873	
32281.56733446655	31662.64304652433
24611.158743286378	
29689.853673674956	30816.933512531377
29281.533605406403	
23311.429768072867	20182.251931678296
23254.821398087668	
27215.795810567644	23923.81694802268
37777.01163424849	
39452.62359526674	
29971.215127213814	
30030.58865037388	
16627.507174717102	
31711.354768176592	27804.087036708785
37099.241217747076	
24540.609837470958	25250.575528210844
26171.090410730667	23085.085522239795
24133.405863867898	26496.688228336425
12839.703018466367	12891.326885415137
27235.026210382028	29304.957505590526
35798.27343377386	49993.199320782565
33812.6129632029	
29976.196300589592	
27844.174281989388	29104.690020556412
28048.8040532104	28525.430179602456
6072.838852860962	
6714.232130722436	
3142.5979059302886	
5277.061239054231	
6727.596866660568	
14213.408113664733	
1235.305236811454	
6415.470209690493	
6823.954177154411	
6089.41913645128	
8374.90043522396	
1393.386046374713	
6167.151825780539	
6655.653300573847	
5516.187068875134	
485.782650317456	
406.5494076939421	
1493.1754266740904	
1443.9809014346135	
1971.0080653821128	
1279.384834126137	
219.90486583595668	
320.41530390698347	
4086.3421575477773	
1775.9253324632211	
26053.817114317466	
63082.55450500602	
21926.507753063765	
25262.889689273426	
188365.72151642278	
244963.13940521464	
273980.29000455997	
200380.63044354058	
267519.5789298711	
22691.348091993204	
315113.06309427595	
33237.590759663246	
367340.54158870596	
229543.8630266331	
25216.268782277457	
16516.8534012689	
	
31636.884111305804	
	
	
14200.885368024201	12575.602725969968
	
	
33200.40331010951	
10655.353958149097	
	
7867.588972053732	
7612.018656519185	6949.005300425553
10259.280235729826	10839.267940761943
44792.412427557865	
59564.69894461395	
50520.786501473856	
18648.540528659618	
12656.627033984283	
9294.215198940847	
27941.33781439398	
9891.640911778533	7886.494641984541
1943.9316145427583	
1867.6524248174367	
1627.1616787443631	
2154.5429513165564	
3431.747865056289	
1857.635331240006	
10655.653679012144	10075.915265427931
2815.947497023549	
2983.6786044010732	
3436.4886455667147	
3095.807089552263	
1807.2219515731813	
5927.557997822431	
5667.486643588241	
4508.048366885943	
2728.486881792592	
239.66255420231417	
1156.0400897307047	
2558.140923741414	
3409.688641903851	
2417.7700045195324	
12159.80626501394	10475.710840001153
352.755702185006	
952.6201108588208	
1339.0499753258414	
5.2748363214535425	
7299.775074848455	7000.350434281066
8990.770010037193	
45.30243971449363	
1029.6035923324907	
3354.469428066389	
974.9528704448106	
960.031618374664	
1133.561914979887	
1033.5974976813309	
689.7773593986802	
1042.7528852143078	
1238.359308449917	
1013.4298749256972	
585.8801063331532	
893.5076904687578	
1161.1214669374028	
1023.5021484916921	
908.7586961498347	
1043.4322742763425	
1021.956694872565	
1014.1006758153784	
965.5170732267528	
4381.620318025994	
2717.0919810893893	
4043.825229134309	
837.0135733005284	
514.5277444144136	
18624.821185833505	
677.7339842536379	
	
28972.48717685646	
472.3267806587137	
7792.337240762864	
414.7400234557106	
14165.837246883188	
12159.711359556575	
4057.30598201288	
3431.761282906397	
10740.5183518379	
	
15267.381116582379	
10515.931510958748	
9046.958931618841	
10378.844881592227	
21077.69838302511	
11288.887031257857	
3380.3243544246643	
1159.9395453380228	
2799.4952013966886	
2866.799537181452	
1270.598168216521	
2215.6359321488703	
3734.530049656021	
4533.948561420699	
4496.393707019821	
	
4909.574576512089	
5698.8481066341965	
3822.9706936030507	
2979.367614344016	
3194.055363787803	
822.6439717820718	
	
	
	
	
	
9616.740491149405	8539.929147140983
	
	
	
	
	
25946.55912226931	26661.00301422854
	
9028.730197567498	
12652.315913197217	
2328.8432120841944	
999.0897266703339	
26374.073617766935	
1699.636424653307	
1483.999944701707	
1360.3417331111582	
1660.3664496759538	
1624.2897046157022	
657.7610770764167	
614.8895051275109	
6982.396237964376	
1007.1810074071241	
753.0191773557227	
557.7279017731198	
443.1423897340014	
682.7675831019747	
963.0809192013389	
213.4383936329185	
563.6941380106471	
10447.543591348081	
1031.7214188271228	
8829.332112665003	
	
620.0900571419238	
8403.565456287313	
25092.07961425816	26191.720837103854
788.6268537707313	
11239.384662878752	
1019.7684944670305	
10360.784411186101	
26374.073617766935	26996.467904962126
1492.2311849246605	
9012.203047716976	
2287.75986619408	
	
813.636559991715	
10428.45782202818	
9561.125569955877	
184700.32993400373	
27871.819667516622	29350.89337289246
59126.344208440176	
60764.51453302389	
88186.79404031922	
5742.089870078603	4870.710747046521
27657.718125496103	25388.235566190462
25296.234688032786	
24615.762030079855	
24523.00626608318	
19496.19572694364	
12109.981402571784	
15413.235710147343	
7844.162323081743	
6382.136462435974	5755.290037161768
6915.821377414627	5747.092527716352
9451.056371789084	
4616.3965761451345	
9666.973787390083	
2558.7981334315245	
10200.47418855357	
4554.69364240466	
2472.6643250317384	
1878.9549007691899	
1931.2727308797541	
21211.374715889287	
12749.643083126943	
47076.55883128211	
291184.6879100005	
50185.15492637196	30466.83405527676
179746.70964034845	
43520.3210971355	
41022.52165975713	
30255.25909489518	
68670.33213596964	
59336.35859754572	
227391.64845042702	
162454.12304559362	
56985.456315988165	52237.572505252865
10953.481023541177	7603.007173060767
15220.450827975721	
23811.656564154746	
27924.642641667506	
46355.84791266011	
28587.005287215456	
119348.98911957184	
98403.39304658626	
53790.13591962934	
22129.043122184292	13684.673012918385
47030.75746125782	31863.96158594593
69349.19984811785	
113878.35082930402	118799.71301874476
37069.28603949238	31929.332892114708
78859.1486971952	75305.66868631294
49101.21997431165	35216.287525647
1.0115255140744642e6	
85643.94792459809	
108537.09705663062	
140015.7566640756	
109106.72930937624	
1.3508014628699692e6	
193625.35189371218	
53989.41894256294	
59731.69931167115	
23861.491689763105	
61626.9584116566	
137496.4064456785	
70873.94746418735	
60867.38240882635	
46382.9790869882	
64860.71089199899	
45575.549762166425	
44984.341967939545	
69947.62998115587	
49701.03376994788	
51007.9780666839	
33852.01001538949	
17240.23627084109	
19218.299295331493	
97404.8431862513	
220553.7817931575	
39535.619198791894	
68246.72376964455	
70089.03776846365	
59002.45506293011	
63131.576699315665	
54965.521716192765	
68131.77677766336	
112043.40955760803	
51315.2684679883	
51562.270269801345	
71339.18879963693	
58476.56639429442	
60196.12667186088	
76955.31998185745	
